<Backups xmlns="http://www.microsoft.com/GroupPolicy/GPOOperations/Manifest" xmlns:mfst="http://www.microsoft.com/GroupPolicy/GPOOperations/Manifest" mfst:version="1.0"><BackupInst><GPOGuid><![CDATA[{44695B91-00D9-40B4-99E2-550960065DE7}]]></GPOGuid><GPODomain><![CDATA[security.local]]></GPODomain><GPODomainGuid><![CDATA[{6f0514af-6cc4-48d1-b2ef-2310ad5fc57b}]]></GPODomainGuid><GPODomainController><![CDATA[DC-SEC-01.security.local]]></GPODomainController><BackupTime><![CDATA[2021-08-26T18:26:13]]></BackupTime><ID><![CDATA[{64059F15-E999-4E2F-865D-C0766B886266}]]></ID><Comment><![CDATA[]]></Comment><GPODisplayName><![CDATA[MSFT Windows Server 2022 - Member Server Credential Guard]]></GPODisplayName></BackupInst><BackupInst><GPOGuid><![CDATA[{FA0F36D8-14CE-4D94-90F7-66A01DDB07C4}]]></GPOGuid><GPODomain><![CDATA[security.local]]></GPODomain><GPODomainGuid><![CDATA[{6f0514af-6cc4-48d1-b2ef-2310ad5fc57b}]]></GPODomainGuid><GPODomainController><![CDATA[DC-SEC-01.security.local]]></GPODomainController><BackupTime><![CDATA[2021-08-26T18:26:12]]></BackupTime><ID><![CDATA[{20FAD6FB-7C6D-496E-801C-0434769847FF}]]></ID><Comment><![CDATA[]]></Comment><GPODisplayName><![CDATA[MSFT Windows Server 2022 - Member Server]]></GPODisplayName></BackupInst><BackupInst><GPOGuid><![CDATA[{48572E0B-3938-4934-BFC7-828190868BAE}]]></GPOGuid><GPODomain><![CDATA[security.local]]></GPODomain><GPODomainGuid><![CDATA[{6f0514af-6cc4-48d1-b2ef-2310ad5fc57b}]]></GPODomainGuid><GPODomainController><![CDATA[DC-SEC-01.security.local]]></GPODomainController><BackupTime><![CDATA[2021-08-26T18:26:12]]></BackupTime><ID><![CDATA[{AAC7C960-51D3-4BEE-89BD-7FB10361AA16}]]></ID><Comment><![CDATA[]]></Comment><GPODisplayName><![CDATA[MSFT Windows Server 2022 - Domain Security]]></GPODisplayName></BackupInst><BackupInst><GPOGuid><![CDATA[{44ED78EF-5F5B-40A1-B332-B4793122028D}]]></GPOGuid><GPODomain><![CDATA[security.local]]></GPODomain><GPODomainGuid><![CDATA[{6f0514af-6cc4-48d1-b2ef-2310ad5fc57b}]]></GPODomainGuid><GPODomainController><![CDATA[DC-SEC-01.security.local]]></GPODomainController><BackupTime><![CDATA[2021-08-26T18:26:11]]></BackupTime><ID><![CDATA[{8104AFEB-D49C-4125-92F9-748F50407A6B}]]></ID><Comment><![CDATA[]]></Comment><GPODisplayName><![CDATA[MSFT Windows Server 2022 - Domain Controller Virtualization Based Security]]></GPODisplayName></BackupInst><BackupInst><GPOGuid><![CDATA[{FFB4098C-1E38-47B9-87BD-135ABB03590A}]]></GPOGuid><GPODomain><![CDATA[security.local]]></GPODomain><GPODomainGuid><![CDATA[{6f0514af-6cc4-48d1-b2ef-2310ad5fc57b}]]></GPODomainGuid><GPODomainController><![CDATA[DC-SEC-01.security.local]]></GPODomainController><BackupTime><![CDATA[2021-08-26T18:26:10]]></BackupTime><ID><![CDATA[{E2B8214C-729F-4324-A876-F067E58B740B}]]></ID><Comment><![CDATA[]]></Comment><GPODisplayName><![CDATA[MSFT Windows Server 2022 - Domain Controller]]></GPODisplayName></BackupInst><BackupInst><GPOGuid><![CDATA[{38D30C9A-6468-4627-9013-0EB968775C75}]]></GPOGuid><GPODomain><![CDATA[security.local]]></GPODomain><GPODomainGuid><![CDATA[{6f0514af-6cc4-48d1-b2ef-2310ad5fc57b}]]></GPODomainGuid><GPODomainController><![CDATA[DC-SEC-01.security.local]]></GPODomainController><BackupTime><![CDATA[2021-08-26T18:26:09]]></BackupTime><ID><![CDATA[{966B53AB-4B25-43F6-BACA-9738F0053331}]]></ID><Comment><![CDATA[]]></Comment><GPODisplayName><![CDATA[MSFT Windows Server 2022 - Defender Antivirus]]></GPODisplayName></BackupInst><BackupInst><GPOGuid><![CDATA[{582D31BD-8974-43C8-B88B-FC18B4254E87}]]></GPOGuid><GPODomain><![CDATA[security.local]]></GPODomain><GPODomainGuid><![CDATA[{6f0514af-6cc4-48d1-b2ef-2310ad5fc57b}]]></GPODomainGuid><GPODomainController><![CDATA[DC-SEC-01.security.local]]></GPODomainController><BackupTime><![CDATA[2021-08-26T18:26:08]]></BackupTime><ID><![CDATA[{BEA08B79-482E-4216-B5DE-8528F3688DD5}]]></ID><Comment><![CDATA[]]></Comment><GPODisplayName><![CDATA[MSFT Internet Explorer 11 - User]]></GPODisplayName></BackupInst><BackupInst><GPOGuid><![CDATA[{D5398278-ABE5-4648-921E-D68A15AF59E9}]]></GPOGuid><GPODomain><![CDATA[security.local]]></GPODomain><GPODomainGuid><![CDATA[{6f0514af-6cc4-48d1-b2ef-2310ad5fc57b}]]></GPODomainGuid><GPODomainController><![CDATA[DC-SEC-01.security.local]]></GPODomainController><BackupTime><![CDATA[2021-08-26T18:25:53]]></BackupTime><ID><![CDATA[{0A531EAC-7B92-4E02-9877-1FB7CBE41398}]]></ID><Comment><![CDATA[]]></Comment><GPODisplayName><![CDATA[MSFT Internet Explorer 11 - Computer]]></GPODisplayName></BackupInst></Backups>